code	lc	product_name_de	product_name_en	product_name_es	product_name_fr	generic_name_en	quantity	serving_size	packaging	packaging_tags	brands	brands_tags	brand_owner	categories	categories_tags	labels	labels_tags	countries	countries_tags	stores	stores_tags	obsolete	obsolete_since_date	origins	origins_tags	manufacturing_places	manufacturing_places_tags	emb_codes	emb_codes_tags	ingredients_text_de	ingredients_text_en	ingredients_text_es	ingredients_text_fr	allergens	allergens_tags	traces	traces_tags	no_nutrition_data	nutrition_data_per	nutrition_data_prepared_per	energy-kcal_value	energy-kcal_unit	fat_value	fat_unit	saturated-fat_value	saturated-fat_unit	carbohydrates_value	carbohydrates_unit	sugars_value	sugars_unit	fiber_value	fiber_unit	proteins_value	proteins_unit	salt_value	salt_unit	sodium_value	sodium_unit	energy_value	energy_unit	packaging_1_number_of_units	packaging_1_shape	packaging_1_material	packaging_1_recycling	packaging_2_number_of_units	packaging_2_shape	packaging_2_material	packaging_3_shape	packaging_3_material	link	off:food_groups	off:food_groups_tags	off:nova_groups	off:nova_groups_tags	off:nutriscore_grade	off:nutriscore_score	off:ecoscore_grade	off:ecoscore_data.missing_key_data	off:ecoscore_data.adjustments.origins_of_ingredients.value	off:ecoscore_data.adjustments.packaging.value	off:ecoscore_data.adjustments.packaging.non_recyclable_and_non_biodegradable_materials	off:ecoscore_data.adjustments.production_system.value	sources_fields:org-database-usda:available_date	sources_fields:org-database-usda:fdc_category	sources_fields:org-database-usda:fdc_data_source	sources_fields:org-database-usda:fdc_id	sources_fields:org-database-usda:modified_date	sources_fields:org-database-usda:publication_date	data_sources
07735783	en		toms toddler toothpaste															United States	en:united-states			0									glycerin, propanediol, water, hydrated silica, xylitol, benzyl alcohol, carrageenan, natural flavor, citric acid								100g	100g																																	4	en:4-ultra-processed-food-and-drink-products	unknown		unknown	1	-5	-15		0							App - InFood, Apps
0037000976714	en		Pro-Health Advanced Sensitive Releif				5.1oz 144g				Crest	crest		Dental, Toothpaste	en:dental,en:toothpaste	No gluten	en:no-gluten	United States	en:united-states			0									"Stannous fluoride 0.454%... (0.16% w/v fluoride ion) Drug Facts (continued) Purposes serious problem that may need prompt care. Anticavity, antigingivitis, Keep out of reach of children. If more than used for antisensitivity toothpaste brushing is accidentally swallowed, get medical help or contact a Poison Control Center right away. Directions Uses aids in the prevention of cavities helps prevent gingivitis ⚫helps interfere with the harmful effects of plaque associated with gingivitis ⚫helps control plaque bacteria that contribute to the development of gingivitis • builds increasing protection against painful sensitivity of the teeth to cold, heat, acids, sweets or contact Warnings When using this product do not use for sensitivity longer than four weeks unless recommended by a dentist. Stop use and ask a dentist if the sensitivity problem persists or worsens. Sensitive teeth may indicate a adults and children 12 yrs. of age & older: apply at least a 1-inch strip of the product onto a soft bristle toothbrush. Brush teeth thoroughly for at least 1 minute twice a day (morning and evening) or as recommended by a dentist. Make sure to brush all sensitive areas of the teeth. ⚫ do not swallow children under 12 yrs. of age: ask a dentist Other information ⚫products containing stannous fluoride may produce surface staining of the teeth ⚫adequate toothbrushing may prevent these stains which are not harmful or permanent and may be Drug Facts (continued) removed by your dentist this Crest is specially formulated to help prevent staining see your dentist regularly Inactive ingredients glycerin, hydrated silica, sodium hexametaphosphate, propylene glycol, PEG-6, water, zinc lactate, flavor, sodium lauryl sulfate, sodium gluconate, sodium saccharin, trisodium phosphate, xanthan gum, PVP, carrageenan, cocamidopropyl betaine, titanium dioxide, blue 1 Questions? 1-800-594-4158 *Clinically proven on plaque, gingivitis, and sensitivity benefits **Protects against plaque bacteria that lead to gingivitis with twice daily brushing *Helps prevent plaque bacteria that can cause gingivitis; among Stannous Fluoride toothpastes vs Sodium Fluoride; With Twice Daily Brushing DISTR. BY PROCTER & GAMBLE, CINCINNATI, OH 45202 P&G www.pg.com www.crest.com Patents: www.pg.com/patents © 2023 P&G 3/ 0"								100g	100g																																	4	en:4-ultra-processed-food-and-drink-products	unknown		unknown	1	-5	-15		0							App - smoothie-openfoodfacts, Apps
8904320015688	en													Toothpaste	en:toothpaste			India	en:india			0																	100g	100g																																		unknown	unknown		unknown	1	-5	-15	1	0							App - smoothie-openfoodfacts, Apps
00006833	en		glister								multi-action fluoride toothpaste	multi-action-fluoride-toothpaste										0																	100g	100g																																		unknown	unknown		unknown	1	-5	-15	1	0							
00172744	en													Toothpaste	en:toothpaste	Vegetarian, Vegan	en:vegetarian,en:vegan					0		Globally sourced and made in usa	en:globally-sourced-and-made-in-usa						Vegetable glycerin (humectant), water (hooray), hydrated silica (polishes and cleans teeth; thickener), calcium carbonate (polishes and cleans teeth), sorbitol (humectant), erythritol (sweetener), xylitol (sweetener), flavor (freshens breath), xanthan gum (thickener), sodium bicarbonate (maintains stability), potassium citrate (maintains stability), sodium cocoyl glutamate (cleanser), zinc citrate (freshens breath), tetrasodium pyrophosphate (maintains stability), cocamidopropyl betaine (cleanser), cocos nucifera (coconut) oil (humectant)*, rebaudioside a (sweetener from stevia)*, melaleuca alternifolia (tea tree) leaf oil (freshens breath) *certified organic uses: helps to brush away plaque and control tartar. directions: brush teeth thoroughly, preferably after each meal or at least twice per day, or as directed by a dentist of physician. smile often. repeat. keep out of reach of children. children under 6 years of age thould have adult supervision and use only a pea-sized mount. wist off cap to remove foil seal. don't use if safety seal is ken								100g	100g																																	4	en:4-ultra-processed-food-and-drink-products	unknown		unknown	1	-5	-15	1	0							App - smoothie-openfoodfacts, Apps
00038457	en													Toothpaste	en:toothpaste			United States	en:united-states			0																	100g	100g																																		unknown	unknown		unknown	1	-5	-15	1	0							App - smoothie-openfoodfacts, Apps
5054563083777	sv													Toothpaste	sv:toothpaste			Sverige	en:sweden			0																	100g	100g																																		unknown	unknown		unknown	1	-5	-15	1	0							App - smoothie-openfoodfacts, Apps
7350075691515	fr		Natural Toothpaste		Natural Toothpaste		75ml				The Humble Co	the-humble-co		Non alimentaire, Open Beauty Facts, en:toothpaste	en:non-food-products,en:open-beauty-facts,en:toothpaste	Végétarien, Végétalien, The Vegan Society	en:vegetarian,en:vegan,en:the-vegan-society	France	en:france			0											SORBITOL, AQUA, HYDRATED SILICA, LAURYL GLUCOSIDE, XANTHAN GUM, AROMA, CHARCOAL POWDER, SODIUM FLUORIDE, ZINC GLUCONATE, STEVIA REBAUDIANA EXTRACT LIMONENE.					on	100g	100g																																		not-applicable	not-applicable		unknown	1	-5	-15	1	0							App - off, Apps, App - Open Food Facts
0796548915592	en													Toothpastes	en:toothpastes			United Kingdom	en:united-kingdom			0																on	100g	100g																																		unknown	unknown		unknown	1	-5	-15	1	0							App - smoothie-openfoodfacts, Apps
0310158084099	en		sensodyne extra whitening toothpaste															United States	en:united-states			0									potassium nitrate 5% sodium flouride ,024% inactive ingredients water, sorbitol, hydrated silica, glycerin, peg-12, tetrasodium pyrophosphate, flavor, sodium lauryl sulfate, zinc phosphate, cellulose gum, sodium citrate, microcrystalline cellulose, sodium saccharin, cocamidopropyl betaine, xanthan gum, citric acid, sucralose, titanium dioxide,								100g	100g																																	4	en:4-ultra-processed-food-and-drink-products	unknown		unknown	1	-5	-15	1	0							App - InFood, Apps
9312812001306	en		Complete care toothpaste				110 g				Grants	grants		Toothpaste	en:toothpaste	Vegetarian, Vegan, Australian made	en:vegetarian,en:vegan,en:australian-made	Australia	en:australia			0																	100g	100g																																		unknown	unknown		unknown	1	-5	-15	1	0							App - smoothie-openfoodfacts, Apps
0056100083559	en		toothpaste				1pcs				sensitive teeth	sensitive-teeth						Canada, Germany	en:canada,en:germany			0																	100g	100g																																		unknown	unknown		unknown	1	-5	-15	1	0							App - Speisekammer, Apps
4800034011562	en		Hapee  Toothpaste								Hapee	hapee				Halal	en:halal	United States	en:united-states			0																	100g	100g																																		unknown	unknown		unknown	1	-5	-15	1	0							App - halal-healthy, Apps
8801051294422	en													Toothpaste	en:toothpaste			United Kingdom	en:united-kingdom			0																	100g	100g																																		unknown	unknown		unknown	1	-5	-15	1	0							App - smoothie-openfoodfacts, Apps
8720181345654	nb													en:toothpaste	en:toothpaste			Norge	en:norway			0																	100g	100g																																		unknown	unknown		unknown	1	-5	-15	1	0							App - smoothie-openfoodfacts, Apps
0718334334417	en		Pink Himalayan Salt Toothpaste - Creamy Mint		ToothPaste		176 g				Desert Essence	desert-essence				No gluten, No GMOs, Non GMO project, Sans gluten, Végétalien, Végétarien	en:no-gluten,en:no-gmos,en:non-gmo-project,en:sans-gluten,en:vegetalien,en:vegetarien	United States, World	en:united-states,en:world			0									"directions: for adults and supervised dren 2 years of age, for be sults use twice daily, wa : keep out of reach of children under 6 years of age, if you accidentally swallow the product, contact a health care provider immediately, ingredients/ingredients (inci) : calcium carbonate, glycerin, purified water (aqua), melaleuca alternifolia (tea tree) leaf water, natural flavor (aroma), cellulose gum, sodium lauroyl sarcosinate, sodium chloride (pink himalayan salt) eco-harvest® melaleuca alternifolia (tea tree) leaf oil, aloe barbadensis leaf juice, virgin cocos nucifera (coconut) oil*, mentha viridis (spearmint) leaf 0il, zinc citrate, sodium bicarbonate (baking soda), hamamelis virginiana (witch hazel) extract, magnesium chłoride, calcium ascorbate, xylitol certified organic you will have a healthy mouth and a bright smile thanks to the toothpaste without carrageenan desert essence, the pink salt of the himalayas, rich in minerals, and oil virgin coconut to remove the impurities while the mixture of essential oils and plant extracts provides a complete care for teeth and gums"		"Directions: For adults and supervised dren 2  years of age, For be Sults use twice daily, Wa : Keep out of reach of children under 6 years of age, If you accidentally swallow product, contact a health care provider immediately, Ingredients/Ingrédients (INCI) : Calcium Carbonate, Glycerin, Purified Water (Aqua), Melaleuca Alternifolia (Tea Tree) Leaf Water, Natural Flavor (Aroma), Cellulose Gum, Sodium Lauroyl Sarcosinate, Sodium Chloride (Pink Himalayan Salt), Eco-Harvest® Melaleuca Alternifolia (Tea Tree) Leaf Oil, Aloe Barbadensis Leaf Juice, Virgin Cocos Nucifera (Coconut) Oil*, Mentha Viridis (Spearmint) Leaf 0il, Zinc Citrate, Sodium Bicarbonate (Baking Soda), Hamamelis Virginiana (Witch Hazel) Extract, Magnesium Chłoride, Calcium Ascorbate, Xylitol Certified Organic Vous aurez une bouche saine et un sourire éclatant grâce au dentifrice sans carraghénine de Desert Essence, Le sel rose de l'Himalaya, riche en minéraux, et l'huile vierge de noix de coco enlèvent les impuretés tandis que le mélange d'huiles essentielles et d'extraits végétaux procure un soin complet pour les dents et les gencives,"						100g	100g																																	4	en:4-ultra-processed-food-and-drink-products	unknown		unknown	1	-5	-15	1	0							App - InFood, Apps, Labels, label-non-gmo-project
0018787500729	en		Cinnamon All-One Toothpaste								Dr. Bronner's	dr-bronner-s		Non food products, Open Beauty Facts	en:non-food-products,en:open-beauty-facts	Fair trade, Organic, No GMOs, Non GMO project	en:fair-trade,en:organic,en:no-gmos,en:non-gmo-project	United States, World	en:united-states,en:world			0									generous, fair , loving all-one!, to spaceship earth and ll developed ,								100g	100g																																		not-applicable	not-applicable		unknown	1	-5	-15	1	0							App - InFood, Apps, Labels, label-non-gmo-project
0018787500828	en		Spearmint All-One Toothpaste				5 oz				Dr. Bronner's	dr-bronner-s				No GMOs, Non GMO project	en:no-gmos,en:non-gmo-project	Panama, World	en:panama,en:world			0																	100g	100g																																		unknown	unknown		unknown	1	-5	-15	1	0							Labels, label-non-gmo-project
0018787500767	en		Anise All-One Toothpaste								Dr. Bronner's	dr-bronner-s				Organic, No GMOs, Non GMO project	en:organic,en:no-gmos,en:non-gmo-project	World	en:world			0																	100g	100g																																		unknown	unknown		unknown	1	-5	-15	1	0							Labels, label-non-gmo-project
0018787500712	en		Peppermint All-One Toothpaste								Dr. Bronner's	dr-bronner-s				No GMOs, Non GMO project	en:no-gmos,en:non-gmo-project	World	en:world			0																	100g	100g																																		unknown	unknown		unknown	1	-5	-15	1	0							Labels, label-non-gmo-project
0608274111509	en		Toothpaste Tablets Natural Berry Flavor								ChildLife Essentials	childlife-essentials				No GMOs, Non GMO project	en:no-gmos,en:non-gmo-project	World	en:world			0																	100g	100g																																		unknown	unknown		unknown	1	-5	-15	1	0							Labels, label-non-gmo-project
0718334220536	en		Natural Tea Tree Oil & Neem Toothpaste - Wintergreen // Dentifrice a L'Huile de Theier et au Margousier a Feuilles de Frene - Wintergreen								Desert Essence	desert-essence				No GMOs, Non GMO project	en:no-gmos,en:non-gmo-project	World	en:world			0																	100g	100g																																		unknown	unknown		unknown	1	-5	-15	1	0							Labels, label-non-gmo-project
0718334220819	en		Natural Tea Tree Oil Toothpaste - Fennel // Dentifrice a L'Huile Naturelle de Theier - Fenouil								Desert Essence	desert-essence				No GMOs, Non GMO project	en:no-gmos,en:non-gmo-project	World	en:world			0																	100g	100g																																		unknown	unknown		unknown	1	-5	-15	1	0							Labels, label-non-gmo-project
0718334334080	en		Coconut Oil Toothpaste - Coconut Mint								Desert Essence	desert-essence				No GMOs, Non GMO project	en:no-gmos,en:non-gmo-project	World	en:world			0																	100g	100g																																		unknown	unknown		unknown	1	-5	-15	1	0							Labels, label-non-gmo-project
0718334334455	en		Prebiotic Plant-Based Toothpaste Gingermint								Desert Essence	desert-essence				No GMOs, Non GMO project	en:no-gmos,en:non-gmo-project	World	en:world			0																	100g	100g																																		unknown	unknown		unknown	1	-5	-15	1	0							Labels, label-non-gmo-project
0718334334462	en		Prebiotic Plant-Based Toothpaste Mint								Desert Essence	desert-essence				No GMOs, Non GMO project	en:no-gmos,en:non-gmo-project	World	en:world			0																	100g	100g																																		unknown	unknown		unknown	1	-5	-15	1	0							Labels, label-non-gmo-project
0718334334103	en		Natural Neem Toothpaste Cinnamint with Baking Soda & Essential Oil of Mint								Desert Essence	desert-essence				No GMOs, Non GMO project	en:no-gmos,en:non-gmo-project	World	en:world			0																	100g	100g																																		unknown	unknown		unknown	1	-5	-15	1	0							Labels, label-non-gmo-project
0718334334134	en		Tea Tree Oil Whitening Plus Toothpaste - Cool Mint // Huile de Melaleuca Blanchiment Extrene Dentifrice - Menthe Fraiche								Desert Essence	desert-essence				No GMOs, Non GMO project	en:no-gmos,en:non-gmo-project	World	en:world			0																	100g	100g																																		unknown	unknown		unknown	1	-5	-15	1	0							Labels, label-non-gmo-project
0718334334141	en		Tea Tree Oil Ultra Care Toothpaste - Mega Mint // Huile de Melaleuca Soin Ultra Dentrifrice - Menthe Intense								Desert Essence	desert-essence				No GMOs, Non GMO project	en:no-gmos,en:non-gmo-project	World	en:world			0																	100g	100g																																		unknown	unknown		unknown	1	-5	-15	1	0							Labels, label-non-gmo-project
0718334334424	en		Aloe & Tea Tree Oil Toothpaste - Peppermint								Desert Essence	desert-essence				No GMOs, Non GMO project	en:no-gmos,en:non-gmo-project	World	en:world			0																	100g	100g																																		unknown	unknown		unknown	1	-5	-15	1	0							Labels, label-non-gmo-project
0718334334448	en		Activated Charcoal Toothpaste - Fresh Mint								Desert Essence	desert-essence				No GMOs, Non GMO project	en:no-gmos,en:non-gmo-project	World	en:world			0																	100g	100g																																		unknown	unknown		unknown	1	-5	-15	1	0							Labels, label-non-gmo-project
0718334344317	en		Arnica & Tea Tree Oil Toothpaste - Wintergreen								Desert Essence	desert-essence				No GMOs, Non GMO project	en:no-gmos,en:non-gmo-project	World	en:world			0																	100g	100g																																		unknown	unknown		unknown	1	-5	-15	1	0							Labels, label-non-gmo-project
0310158888819	en		Sensodyne Fresh Mint Toothpaste for Sensitive Teeth			Mint ToothPaste	75 g				Sensodyne	sensodyne		Oral Health, Toothpaste	en:oral-health,en:toothpaste	No GMOs, ADA Seal of Acceptance, Award Recognitions, Cruelty-FreeGluten-FreeVegan Certification, ISO Certification, Project Verified, SLS-FreeRecyclable Packaging	en:no-gmos,en:ada-seal-of-acceptance,en:award-recognitions,en:cruelty-freegluten-freevegan-certification,en:iso-certification,en:project-verified,en:sls-freerecyclable-packaging	United States	en:united-states	Walmart,Target,Walgreens,CVS Pharmacy,Amazon,Rite Aid,KrogerBoots (UK),Tesco (UK),Shoppers Drug Mart (Canada)	walmart,target,walgreens,cvs-pharmacy,amazon,rite-aid,krogerboots-uk,tesco-uk,shoppers-drug-mart-canada	0				ThailandUnited KingdomGermanyUnited StatesIndia	thailandunited-kingdomgermanyunited-statesindia				Water, Hydrated silica, Sorbitol, Potassium Nitrate, Glycerin, Aroma, Xanthan gum, Sodium saccharin, Fluoride, Sodium hydroxide, Sodium lauryl sulfate, Titanium dioxide, PEG-6, Cocamidopropyl betaine			Aroma: Fragrances can include various allergens that might cause reactions in sensitive individuals., Cocamidopropyl Betaine: Can cause allergic reactions or irritant dermatitis in some individuals., Particularly in individuals with sensitivities to sugar alcohols., Particularly in those with sensitive skin or mucous membranes., Potassium Nitrate: Can cause irritation or allergic reactions in some individuals., Sodium Lauryl Sulfate: Known to cause irritation or allergic reactions in some people, Sodium Saccharin: Some people may have allergic reactions or sensitivities to artificial sweeteners., Sorbitol: May cause allergic reactions or intolerances	en:aroma-fragrances-can-include-various-allergens-that-might-cause-reactions-in-sensitive-individuals,en:cocamidopropyl-betaine-can-cause-allergic-reactions-or-irritant-dermatitis-in-some-individuals,en:particularly-in-individuals-with-sensitivities-to-sugar-alcohols,en:particularly-in-those-with-sensitive-skin-or-mucous-membranes,en:potassium-nitrate-can-cause-irritation-or-allergic-reactions-in-some-individuals,en:sodium-lauryl-sulfate-known-to-cause-irritation-or-allergic-reactions-in-some-people,en:sodium-saccharin-some-people-may-have-allergic-reactions-or-sensitivities-to-artificial-sweeteners,en:sorbitol-may-cause-allergic-reactions-or-intolerances			on	100g	100g																						en:tube	en:plastic	en:recycle						https://www.sensodyne.com/en-us/products/sensodyne-fresh-mint-toothpaste/			4	en:4-ultra-processed-food-and-drink-products	unknown		unknown		-5	-10	1	0							App - smoothie-openfoodfacts, Apps
8714789923956	en	Meridol Zahnpasta					75ml		Plastic	en:plastic	Meridol	meridol		Toothpaste	en:toothpaste			Switzerland	en:switzerland			0																	100g	100g																							en:plastic											unknown	unknown		unknown		-5	-10	1	0							App - Open Food Facts, Apps, App - smoothie-openfoodfacts
5000347035937	en		Toothpaste						Card-box	en:card-box	Aquafresh	aquafresh		Non food products, Open Beauty Facts	en:non-food-products,en:open-beauty-facts			United Kingdom	en:united-kingdom			0																	100g	100g																					1	en:tube	en:hdpe-2-high-density-polyethylene		1	en:box	en:cardboard							not-applicable	not-applicable		unknown		-5	-9	0	0							App - Horizon, Apps
6901177120208	fr				SPEARMINT TOOTHPASTE		63 g							Non alimentaire, Open Beauty Facts	en:non-food-products,en:open-beauty-facts			Burkina Faso	en:burkina-faso			0																	100g	100g																																		not-applicable	not-applicable		unknown	1	-5	-15	1	0							App - smoothie-openfoodfacts, Apps
8850006327449	en		Toothpaste															Philippines	en:philippines			0																	100g	100g																																		unknown	unknown		unknown	1	-5	-15	1	0							
5220105003002	en		Perfect white toothpaste 1+1				125 g				Beverly hills	beverly-hills						United Arab Emirates	en:united-arab-emirates			0																	100g	100g																																		unknown	unknown		unknown	1	-5	-15	1	0							
5007245017126	en		Complete care 1+1  toothpaste				115g				Arm and hammer	arm-and-hammer						United Arab Emirates	en:united-arab-emirates			0																	100g	100g																																		unknown	unknown		unknown	1	-5	-15	1	0							
5054563180230	en		aquafresh toothpaste											Non food products, Open Beauty Facts	en:non-food-products,en:open-beauty-facts			United Kingdom	en:united-kingdom			0									aqua, hydrated silica, sorbitol, glycerin, sodium lauryl sulfate, aroma, xanthan gum, titanium dioxide, peg-6, sodium fluoride, sodium saccharin, carrageenan, limonene. ci 73360, ci 74160. contains/bevat: sodium fluoride 0.315% w/w (1450 ppm fluoride)/ natriumfluoride (1450 ppm f)								100g	100g																																		not-applicable	not-applicable		unknown	1	-5	-15	1	0							App - InFood, Apps
8901248773065	en		Dantveer Toothpaste				400g				Zandu,Emami	zandu,emami		Non food products, Open Products Facts, Open Beauty Facts	en:non-food-products,en:open-products-facts,en:open-beauty-facts			India	en:india			0																	100g	100g																																		not-applicable	not-applicable		unknown	1	-5	-15	1	0							App - smoothie-openfoodfacts, Apps
0018787500903	en		Dr Bronners ToothPaste											Non food products, Open Beauty Facts	en:non-food-products,en:open-beauty-facts	Fair trade	en:fair-trade	United States	en:united-states			0									generous, fair , loving dr, bronner's all-one!, to spaceship earth and ll developed ,								100g	100g																																		not-applicable	not-applicable		unknown	1	-5	-15	1	0							App - InFood, Apps
0819156021735	en		hello charcoal toothpaste											Non food products, Open Beauty Facts	en:non-food-products,en:open-beauty-facts	Vegetarian, Vegan	en:vegetarian,en:vegan	United States	en:united-states			0									sorbitol (humectant), hydrated silica (polishes and cleans teeth), vegetable glycerin (soothes and moisturizes), xylitol (sweetener), purified water, charcoal powder (whitens, polishes and cleans teeth/freshens breath), flavor (freshens breath), xanthan gum (thickener), titanium dioxide (mineral), cocamidopropyl betaine (cleanser), sodium cocoyl glutamate (cleanser), coconut oil (soothes and moisturizes), potassium sorbate (maintains stability) and stevia rebaudiana leaf extract* (sweetener),  *certified organic bye p leaping bunny certified, never tested on animals   vegan, 20 our tubes are bpa-free   contain no phthalates, bonus, globally sourced ingredients   made let's be friends, in the usa, rock on, th 100% recyclable paperboard   printed with soy inks,								100g	100g																																		not-applicable	not-applicable		unknown	1	-5	-15	1	0							App - InFood, Apps
03275528	en		Toothpaste											Non food products, Open Beauty Facts	en:non-food-products,en:open-beauty-facts			United States	en:united-states			0									SORBITOL SILICA, WATER (AQUAL, PEG-32, SODIUM LAURYL SULFATE, FLAVOR XANTHAN GUM, TETRASODIUM PYROPHOSPHATE, BENZYL ALCOHOL, CHARCOAL POWDER SODIUM SACCHARIN, SODIUM BENZOATE, TRISODIUM PHOSPHATE, TETRAPOTASSIUM PYROPHOSPHATE								100g	100g																																		not-applicable	not-applicable		unknown	1	-5	-15	1	0							App - IsVe, Apps
5054563103482	en		Sensodyne Extra Fresh Toothpaste, 100 ml				100 ml				Sensodyne	sensodyne		Non food products, Open Beauty Facts	en:non-food-products,en:open-beauty-facts			Egypt	en:egypt			0																	100g	100g																																		not-applicable	not-applicable		unknown	1	-5	-15	1	0							App - smoothie-openfoodfacts, Apps
0635909777571	en		Neem Herbal Toothpaste											Non food products, Open Beauty Facts	en:non-food-products,en:open-beauty-facts			United States	en:united-states			0									*neem, *babool, lodhar, triphala, bakul, *miswak, *hirabol, kapoor, neem oil, *sat ajwain, *cinnamon oil, tea tree, olive oil, natural flavor, *clove, *cardamom, *moringa, *black seed, aloe vera, baking soda, liquorice (yastimadhu), ci 19140, ci 42090, sorbitol, stevia, silica, carboxy methyl cellulose, xantham gum, flavour, sodium benzoate, dm water, certified oraganic ingredients*								100g	100g																																		not-applicable	not-applicable		unknown	1	-5	-15	1	0							App - InFood, Apps
8699943340100	en		toothpaste				100ml				agarta	agarta		Non food products, Open Beauty Facts, Toothpaste	en:non-food-products,en:open-beauty-facts,en:toothpaste							0																	100g	100g																																		not-applicable	not-applicable		unknown	1	-5	-15	1	0							App - smoothie-openfoodfacts, Apps
6945573601039	fr				toothpaste		200g				longrich	longrich		Non alimentaire, Open Beauty Facts	en:non-food-products,en:open-beauty-facts			Cameroun	en:cameroon			0																	100g	100g																																		not-applicable	not-applicable		unknown	1	-5	-15	1	0							App - Open Food Facts, App - smoothie-openfoodfacts, Apps
4260421987021	en		Toothpaste				125 ml							Non food products, Open Beauty Facts	en:non-food-products,en:open-beauty-facts	Made in Germany	en:made-in-germany	Iraq	en:iraq			0																	100g	100g																																		not-applicable	not-applicable		unknown	1	-5	-15	1	0							
4017645042247	es			Extra fresh peppermint toothpaste			75ml		Plástico	en:plastic	Logodent	logodent		Productos no alimenticios, Open Beauty Facts, Dentifrico	en:non-food-products,en:open-beauty-facts,es:dentifrico	Ecológico, Vegetariano, Vegano, Hecho en Alemania, Naturkosmetik	en:organic,en:vegetarian,en:vegan,en:made-in-germany,es:naturkosmetik	España	en:spain	Nature	nature	0		Alemania	en:germany	Zur Krauterwiese	zur-krauterwiese	31020	31020			dicato per la pulizia e la cura dei denti e per la protezione delle gengive. FR DENTIFRICE MENTHE, EXTRA FRAIS moussant et doux pour un net - toyage/soin profond et des dents et gencives en bonne santé. Recommandé avec assez de fluor. Ingredients: Aqua (Water), Calcium Carbo - nate, Glycerin, Silica, Sodium Cocoyl Gluta - mate, Maris Sal (Sea Salt), Xylitol, Carrage - enan, Chamomilla Recutita (Matricaria) Flower Extract*, Xanthan Gum, Algin, Alco - hol denat.*, Mentha Piperita (Peppermint) Oil*, Mentha Viridis (Spearmint) Leaf Oil, Aroma (Flavor)**, Limonene** certified organically grown/ de cultivo ecológico con - trolado/da agricoltura bio - logica/issu de l'agriculture biologique ** from natural essential oils MADE IN GERMANY LOGOCOS Naturkosmetik GmbH & Co. KG Zur Kräuterwiese 31020 Salzhemmendorf www.logona.com 75 ml 277 2 2 7 0 57792 10				Dentífrico sin flúor	es:dentifrico-sin-fluor		100g	100g																																		not-applicable	not-applicable		unknown	1	4	-15	1	0							App - Open Food Facts, Apps
0850002951714	en		brushbuddies herbal toothpaste infused with acivated charcoal											Non food products, Open Beauty Facts	en:non-food-products,en:open-beauty-facts			United States	en:united-states			0									sorbitol, silica, water (aqua), peg-32, sodium lauryl sulfate, flavor, xanthan gum, tetrasodium pyrophosphate, benzyl alcohol, charcoal powder, sodium saccharin, sodium benzoate, trisodium phosphate, tetrapotassium pyrophosphate brush buddies www.brushbuddies.com questions or comments? 1-877-274-8358 toll free in usa ui-909-434-0911 international patents, copyrights & trademarks granted or pending worldwide								100g	100g																																		not-applicable	not-applicable		unknown	1	-5	-15	1	0							App - InFood, Apps
5255010275114	en		Silca putzi children toothpaste				2							Non food products, Open Beauty Facts	en:non-food-products,en:open-beauty-facts			Qatar	en:qatar			0									paste								100g	100g																																		not-applicable	not-applicable		unknown	1	-5	-15	1	0							
5255010275084	en		SILCA TOOTHPASTE				100ml x2							Non food products, Open Beauty Facts	en:non-food-products,en:open-beauty-facts							0																	100g	100g																																		not-applicable	not-applicable		unknown	1	-5	-15	1	0							
5025217200215	en		OHP1450 toothpaste											Non food products, Open Beauty Facts	en:non-food-products,en:open-beauty-facts			United Kingdom	en:united-kingdom			0																	100g	100g	0	kcal	0	g	0	g	0	g	0	g	0	g	0	g	0	g	0	g	0	kcal														not-applicable	not-applicable		unknown	1	-5	-15	1	0							App - yuka, Apps
15134189	en		The humble. Co toothpaste											Non food products, Open Beauty Facts	en:non-food-products,en:open-beauty-facts			United States	en:united-states			0									adults and children 2 years brush teeth thoroughly, preferatly after each meal or at least hwice day, or as directed by a dentist or dhocty children under 6 years of age instruct in good brushing and rinsing habits (to minimize swallowing) supervise chiltm as necessary unfl capable df using without supervision of age and older children under 2 years of age consult a dentist or doctor sc sc el other information store below 25°c (77pf) na of inactive ingredients sorbitol, water, hydrae sie pr glucoside, xanthan gum, flavor, zinc gluconale, tarium dr dioxide, peppermint oil, mica, stevia rebaudiana extract mi spearmint leaf oil, iron oxides, limonene questions? call 1(858) 876-5174 go be chi to report a serious adverse event conas sm the humble company usa, inc. pro he 4475 mission blvd., san diego, ca. 2109								100g	100g																																		not-applicable	not-applicable		unknown	1	-5	-15	1	0							App - InFood, Apps
0030772112700	en		Crest Pro-Health Enamel Repair and Gum Toothpaste											Non food products, Open Beauty Facts	en:non-food-products,en:open-beauty-facts			United States	en:united-states			0									"Active ingredient: Stannous fluoride 0.454% (0.14% w/v fluoride ion) 
Inactive ingredients: water, sorbitol, hydrated silica, sodium lauryl sulfate, sodium gluconate, flavor, carrageenan, sodium citrate, xanthan gum, zinc citrate, sodium saccharin, sodium hydroxide, stannous chloride, sucralose, titanium dioxide"								100g	100g																																		not-applicable	not-applicable		unknown	1	-5	-15	1	0							
0816212029230	en		Charcoal white toothpaste with peppermint											Non food products, Open Beauty Facts	en:non-food-products,en:open-beauty-facts			United States	en:united-states			0									sorbitol, hydrated silica, water, propylene glycol, sodium lauryl sulfate, menthol, dementholized peppermint oil, peppermint oil, spearmint oil, eucalyptus oil, anise camphor, wintergreen oil, clove oil, geranium oil, thymol, lemon oil, cellulose gum, charcoal powder, xanthan gum, trisodium phosphate anhydrous, sodium saccharin, sodium benzoate, black ho, 2 d,c								100g	100g																																		not-applicable	not-applicable		unknown	1	-5	-15	1	0							App - InFood, Apps, App - Yuka
9415991240174	en		Red Seal Baking Soda Toothpaste				100g				Red Seal	red-seal		Non food products, Open Beauty Facts, Toothpaste	en:non-food-products,en:open-beauty-facts,en:toothpaste			Australia	en:australia	Woolworths	woolworths	0																	100g	100g																																		not-applicable	not-applicable		unknown	1	-5	-15	1	0							App - off, Apps, App - Open Food Facts
0854296004675	en		naturally friendly hello fluoride free toothpaste kids											Non food products, Open Beauty Facts	en:non-food-products,en:open-beauty-facts	Vegetarian, Vegan	en:vegetarian,en:vegan	United States	en:united-states			0									sorbitol (humectant), hydrated silica (polishes and cleans teeth), purified water, vegetable glycerin (soothes and moisturizes), aloe vera gel (soothes and moisturizes), xylitol (sweetener), erythritol (sweetener), natural flavor (yum), xanthan gum (thickener), lauryl glucoside (coconut/palm and corn derived cleanser), calcium glycerophosphate (mineral), titanium dioxide (mineral), potassium sorbate (maintains stability) and stevia rebaudiana leaf extract (sweetener), use: helps remove plaque with regular brushing, directions: brush teeth thoroughly to clean and help remove plaque, preferably after each meal or at least twice per day, or as directed by a dentist or physician, children under 6 years use only a pea-sized amount and supervise child's brushing and rinsing, safe for all ages, kids to adults, also appropriate for training, twist off cap to remove foil seal, do not use if safety seal is missing or broken, let's be globally sourced ingredients   made in the usa, rock on, friends, hello products are leaping bunny certified, never tested on animals   vegan, our tubes are bpa-free bye   contain no phthalates, bonus, 100% recyclable paperboard								100g	100g																																		not-applicable	not-applicable		unknown	1	-5	-15	1	0							App - InFood, Apps
7640170370034	en		Toothpaste						Card-box	en:card-box	Biomedi	biomedi		Non food products, Open Beauty Facts	en:non-food-products,en:open-beauty-facts			United Kingdom	en:united-kingdom			0																	100g	100g																						en:box												not-applicable	not-applicable		unknown		-5	-10	0	0							App - Horizon, Apps
7310611049705	en		toothpaste											Non food products, Open Beauty Facts	en:non-food-products,en:open-beauty-facts			Sweden	en:sweden			0									aqua, sorbitol, hydrated silica, glycerin, propylene glycol, cellulose gum, sodium c14-16 olefin sulfonate, xylitol, aroma, titanium dioxide, disodium phosphate, sodium fluoride, citric acid, sodium saccharin, carbomer,								100g	100g																																		not-applicable	not-applicable		unknown	1	-5	-15	1	0							App - InFood, Apps
5054563191908	en		Clinical white toothpaste								Sensodyne	sensodyne						United States	en:united-states			0																	100g	100g																																		unknown	unknown		unknown	1	-5	-15	1	0							
0120822490299	en		maharishi toothpaste								maharishi ayurveda	maharishi-ayurveda		Non food products, Open Beauty Facts, Toothpaste	en:non-food-products,en:open-beauty-facts,en:toothpaste			India	en:india			0									Dicalcium Phosphate Dihydrate, Sorbitol, Glycerin, Aqua, Calcium Carbonate, Silica, Mentha Spicata Herb Oil, Mentha Piperita Oil, Quercus Infectoria Gall Extract, Terminalia Chebula Fruit Extract, Chondrus Crisps Extract, Terminalia Belerica Fruit Extract, Emblica Officinalis Fruit Extract, Barleria Prionitis Extract, Glycyrrhiza Glabra Root Extract, Piper Longum Fruit Extract, Albizzia Lebbeck Bark Extract, Zingiber Officinale Root Extract, Mimusops Elengi Bark Extract, Salvadora Persica Root Extract, Azadirachta Indica Bark Extract, Symplocos Racemosa Bark Extract, Sodium Silicate, Eugenia Caryophyllus Flower Oil, Acacia Catechu Bark Extract, Menthol, Thymol, Limonene*, Linalool*, Farnesol*, Isoeugenol*. *From real essential oils/100% Natural Ingredients Not suitable for children under the age of six								100g	100g																																		not-applicable	not-applicable		unknown	1	-5	-15	1	0							App - smoothie-openfoodfacts, Apps
6291069711172	en						50 g							Toothpaste	en:toothpaste			Somalia	en:somalia			0																	100g	100g																																		unknown	unknown		unknown	1	-5	-15	1	0							App - smoothie-openfoodfacts, Apps
5576040087370	en		hello watermelon toothpaste											Toothpaste	en:toothpaste	Vegetarian, Vegan	en:vegetarian,en:vegan	United States	en:united-states			0									sorbitol (humectant), hydrated silica (polishes and cleans teeth), purified water, vegetable glycerin (soothes and moisturizes), aloe vera gel (soothes and moisturizes), xylitol (sweetener), erythritol (sweetener), natural flavor (yum), xanthan gum (thickener), lauryl glucoside (coconut/palm and corn derived cleanser), calcium glycerophosphate (mineral), titanium dioxide (mineral), potassium sorbate (maintains stability) and stevia rebaudiana leaf extract (sweetener),								100g	100g																																	4	en:4-ultra-processed-food-and-drink-products	unknown		unknown	1	-5	-15	1	0							App - InFood, Apps, App - smoothie-openfoodfacts
0041260009075	en		simple truth kids toothpaste											Non food products, Open Beauty Facts	en:non-food-products,en:open-beauty-facts			United States	en:united-states	Kroger	kroger	0									glycerin, water, calcium carbonate, hydrated silica, xylitol, aloe barbadensis leaf juice, flavor, sodium cocoyl glutamate. carrageenan.								100g	100g																																		not-applicable	not-applicable		unknown	1	-5	-15	1	0							App - InFood, Apps
3574660666144	fr				Listerine zero		250 ml							Non alimentaire, Open Beauty Facts, en:toothpaste	en:non-food-products,en:open-beauty-facts,en:toothpaste			"Émirats arabes unis"	en:united-arab-emirates			0																	100g	100g																																		not-applicable	not-applicable		unknown	1	-5	-15	1	0							App - Open Food Facts, Apps
5060636882574	en		Raspberry toothpaste tablets											Non food products, Open Beauty Facts, Toothpaste tablets, Toothpaste-tablets	en:non-food-products,en:open-beauty-facts,en:toothpaste-tablets,en:toothpaste-tablets	Vegetarian, Vegan	en:vegetarian,en:vegan	United Kingdom	en:united-kingdom			0																	100g	100g																																		not-applicable	not-applicable		unknown	1	-5	-15	1	0							App - smoothie-openfoodfacts, Apps
0819156020233	en		Hello ToothPaste											Non food products, Open Beauty Facts, Toothpaste	en:non-food-products,en:open-beauty-facts,en:toothpaste			United States	en:united-states			0									sorbitol, purified water, hydrated silica, glycerin, xylitol, calcium carbonate, xanthan gum, flavor, titanium dioxide, coconut oil, cocamidopropyl betaine, sodium cocoyl glutamate, stevia rebaudiana leaf extract and tea tree oil questions? 855-hi-hello (1-855-444-3556) acts llc								100g	100g																																		not-applicable	not-applicable		unknown	1	-5	-15	1	0							App - InFood, Apps, App - smoothie-openfoodfacts
0058000313262	fr		Colgate Cavity Protection - Regular				150ml				Colgate	colgate		Non alimentaire, Open Beauty Facts, en:toothpaste	en:non-food-products,en:open-beauty-facts,en:toothpaste			Canada	en:canada	Shoppers Drug Mart	shoppers-drug-mart	0									non-medicinal ingredients / ingrédients non-medicinal: aqua, aroma, cellulose gum, dicalcium phosphate dihydrate, glycerin, sodium lauryl sulfate, sodium saccharine, tetrasodium pyrophosphate		Non-Medicinal Ingredients / Ingrédients non médicinaux: aqua, aroma, cellulose gum, dicalcium phosphate dihydrate, glycerin, sodium lauryl sulfate, sodium saccharin, tetrasodium pyrophosphate					on	100g	100g																														www.colgate.ca				not-applicable	not-applicable		unknown	1	-5	-15	1	0							App - InFood, Apps
8714789924137	en		Kids toothpaste						Card-carton	en:card-carton	Colgate	colgate		Non food products, Open Beauty Facts	en:non-food-products,en:open-beauty-facts	Vegetarian, Vegan	en:vegetarian,en:vegan	United Kingdom	en:united-kingdom			0																	100g	100g																						en:container												not-applicable	not-applicable		unknown		-5	-10	0	0							App - Horizon, Apps
6920354826092	en		Colgate fluoride toothpaste w aloe Vera				100gms				Colgate	colgate		Non food products, Open Beauty Facts	en:non-food-products,en:open-beauty-facts			Qatar	en:qatar			0									calgate								100g	100g																																		not-applicable	not-applicable		unknown	1	-5	-15	1	0							
5000347014765	en		Original Complete Care Toothpaste						Tube, Card-box	en:tube,en:card-box	Aquafresh	aquafresh		Non food products, Open Beauty Facts	en:non-food-products,en:open-beauty-facts			United Kingdom	en:united-kingdom			0																	100g	100g																						en:box				en:tube								not-applicable	not-applicable		unknown		-5	-15	0	0							App - Horizon, Apps
4025089076704	es			Toothpaste							Sante	sante		Productos no alimenticios, Open Beauty Facts	en:non-food-products,en:open-beauty-facts	Vegetariano, Vegano	en:vegetarian,en:vegan	España	en:spain			0																	100g	100g																																		not-applicable	not-applicable		unknown	1	-5	-15	1	0							App - elcoco, Apps, App - El CoCo
93568647	en		Smooth mint Toothpaste								Hismile	hismile						United States	en:united-states			0																	100g	100g																																		unknown	unknown		unknown	1	-5	-15	1	0							
6920354817854	en													Toothpaste	en:toothpaste			Kenya	en:kenya			0																on	100g	100g																																		unknown	unknown		unknown	1	-5	-15	1	0							App - smoothie-openfoodfacts, Apps
8714789615479	en		Total Active Fresh Toothpaste						Card-box	en:card-box	Colgate	colgate		Non food products, Open Beauty Facts	en:non-food-products,en:open-beauty-facts			United Kingdom	en:united-kingdom			0																	100g	100g																						en:box												not-applicable	not-applicable		unknown		-5	-10	0	0							App - Horizon, Apps
8714789973715	en		Toothpaste						Card-box	en:card-box	Colgate	colgate		Non food products, Open Beauty Facts	en:non-food-products,en:open-beauty-facts			United Kingdom	en:united-kingdom			0																	100g	100g																						en:box												not-applicable	not-applicable		unknown		-5	-10	0	0							App - Horizon, Apps
20060220	de	Complex 7 total care plus					125 ml		Tube	en:tube	Nevadent	nevadent		Non-Food-Produkte, Open Beauty Facts, en:Toothpaste	en:non-food-products,en:open-beauty-facts,en:toothpaste			Schweiz	en:switzerland	Lidl	lidl	0								"atto ai hambini di età inferiore ai 6 anni. FR nevadent Total Care Plus. protection intégrale pour les dents matures vec formule COMPLEX 7: protection contre e tartre protection contre les caries protection contre la carie de collet protection contre la plaque dentaire fortifie l'émail dentaire soins des gencivespour haleine fraîche. Contient de la fluorure de sodium (1450 ppm F). Ne contient pas aux enfants de moins de 6 ans. INGREDIENTS: AQUA HYDRATED SILICA SORBITOL PROPYLENE GLYCOL GLYCERIN TETRAPOTASSIUM PYROPHOSPHATE XANTHAN GUM SODIUM C14-16 OLEFIN SULFONATE UREA AROMA SODIUM FLUORIDE ALLANTOIN ZINC CHLORI DE SODIUM SACCHARIN CALCIUM GLYCEROPHOSPHATE LIMONENE CI 74160 CI 77891 a e e. DENTAL-Kos meti k GmbH & Co. KG Katharinenstr. 4 DE-01099 Dresden 125 ml e 12 M EAN 2006 0220"	water hydrated silica sorbitol propylene glycol glycerin tetrapotassium pyrophosphate xanthan gum sodium c14-16 olefin sulfonate, urea aroma, sodium fluoride allantoin zinc research shows sodium saccharine calcium glycerophosphate limonene ci 74160 ci 77891 has e e-dental-kos harvesting k gmbh , co, kg katharinenstr, 4 de-01099 dresden 125 ml e 12 m ean 2006 0220		AQUA HYDRATED SILICA SORBITOL PROPYLENE GLYCOL GLYCERIN TETRAPOTASSIUM PYROPHOSPHATE XANTHAN GUM SODIUM C14-16 OLEFIN SULFONATE UREA AROMA SODIUM FLUORIDE ALLANTOIN ZINC CHLORI DE SODIUM SACCHARIN CALCIUM GLYCEROPHOSPHATE LIMONENE CI 74160 CI 77891 a e e, DENTAL-Kos meti k GmbH , Co, KG Katharinenstr, 4 DE-01099 Dresden 125 ml e 12 M EAN 2006 0220						100g	100g																						en:tube												not-applicable	not-applicable		unknown		-5	-10	0	0							App - off, Apps, App - InFood
7624900120069	fr				Candida Pepperminz Zahnpaste		125ml		Plastique, Tube	en:plastic,en:tube	Candida	candida		Non alimentaire, Open Beauty Facts, en:toothpaste	en:non-food-products,en:open-beauty-facts,en:toothpaste			Allemagne, Suisse	en:germany,en:switzerland	Migros	migros	0											Dicalcium Phosphate Dihydrate, Giycerin, Aqua, Hydrated Silica, Sodium Lauryl Sutfate, Sodium Monofluorophosphate, Paraffi - num Liquidum, Aroma, Cellulose Gum, Panthenol, Sodium Saccharin, Bisabolol, Limonene, Linalool. 1490 ppm Fluorid.						100g	100g																						en:tube	en:plastic											not-applicable	not-applicable		unknown		-5	-10	1	0							App - Open Food Facts, Apps, App - Speisekammer
4088600192079	en		Flouride Toothpaste						Hdpe-tube, Pp-cap	en:hdpe-tube,en:pp-cap	Dentitex	dentitex		Non food products, Open Beauty Facts	en:non-food-products,en:open-beauty-facts			United States	en:united-states			0																	100g	100g																																		not-applicable	not-applicable		unknown	1	-5	-15	1	0							App - InFood, Apps
9421903982032	en		grin toothpaste											Non food products, Open Beauty Facts	en:non-food-products,en:open-beauty-facts			New Zealand	en:new-zealand			0									glycerine (palm-free), silica, aqua (water), xylitol, natural fruit flavour, lauryl glucoside (palm-free), xanthan gum, grapefruit seed extract, aloe barbadensis (aloe vera) leaf extract, sodium chloride (nz fine sea salt), helianthus annuus (sunflower) seed oil, calendula officinalis flower extract								100g	100g																																		not-applicable	not-applicable		unknown	1	-5	-15	1	0							App - InFood, Apps
4902430925686	en		Oral-B SENSITIVITY AND GUM				1 x 90g		"CARRAGEENAN (CHONDRUS CRISPUS FLAVOR, CI 77891 (TITANIUM DIOXIDE) Batch number / Manufacturing & Expiry Date (MMYY): See package Ⓒ2021 P&G For more oral care information visit us at www.oralb.com.au TOOTHPASTE MADE IN GERMANY TAYATA BOX 11 arl.org.au P&G nod U, COCAMIDOPROPYL BETAINE, HYDRATED SILICA (SILICON DICXIDE), SODIUM FLUORIDE, SODIUM GLUCONATE, SODIUM HYDROXIDE, SODIUM LAURYL SULFATE, SODIUM SACCHARIN (SACCHARIN SODIUM), SORBITOL, STANNOUS CHLORIDE, STANNOUS FLUORIDE, SUCRALOSE, XANTHAN GUM, ZINC CITRATE, A for nds #21-07, And thalent 14650 ppm Pueride) WATER (WATER PURIFIED)"	"en:carrageenan-chondrus-crispus-flavor,en:ci-77891-titanium-dioxide-batch-number-manufacturing-expiry-date-mmyy-see-package-ⓒ2021-p-g-for-more-oral-care-information-visit-us-at-www-oralb-com-au-toothpaste-made-in-germany-tayata-box-11-arl-org-au-p-g-nod-u,en:cocamidopropyl-betaine,en:hydrated-silica-silicon-dicxide,en:sodium-fluoride,en:sodium-gluconate,en:sodium-hydroxide,en:sodium-lauryl-sulfate,en:sodium-saccharin-saccharin-sodium,en:sorbitol,en:stannous-chloride,en:stannous-fluoride,en:sucralose,en:xanthan-gum,en:zinc-citrate,en:a-for-nds-21-07,en:and-thalent-14650-ppm-pueride-water-water-purified"	Oral-B DENTAL SCIENCE	oral-b-dental-science		Health-care, Toothpaste	en:health-care,en:toothpaste	Made in Germany	en:made-in-germany	Australia	en:australia			0									"WATER (WATER PURIFIED), SORBITOL, HYDRATED SILICA (SILICON DIOXIDE), SODIUM LAURYL SULFATE, SODIUM GLUCONATE, CARRAGEENAN (CHONDRUS CRISPUS), FLAVOR, XANTHAN GUM, COCAMIDOPROPYL BETAINE, ZINC CITRATE, STANNOUS FLUORIDE, SODIUM HYDROXIDE, STANNOUS CHLORIDE, SODIUM SACCHARIN (SACCHARIN SODIUM), SODIUM FLUORIDE, SUCRALOSE, CI 77891 (TITANIUM DIOXIDE). Batch number / Manufacturing & Expiry Date (MMYY): See package. Ⓒ2021 P&G For more oral care information visit us at www.oralb.com.au TOOTHPASTE MADE IN GERMANY. nn U nn uuuttt ** nni nnnni BOX nnnnn arl.org.au (tett P&G 1000000 1"								100g	100g																																	4	en:4-ultra-processed-food-and-drink-products	unknown		unknown	1	-5	-15	1	0							App - smoothie-openfoodfacts, Apps
0033200187707	en		Toothpaste								Arm & Hammer	arm-hammer		Non food products, Open Beauty Facts	en:non-food-products,en:open-beauty-facts			United States	en:united-states			0									"drug facts (continued) directions do not swallow supervise children as necessary until capable of using without supervision • rinse away toothpaste residue thoroughly after brushing adults and children 2 years and older children under 6 years children under 2 years brush teeth thoroughly after meals or at least twice a day, or use as directed by a dentist or physician instruct in good brushing and rinsing habits (to minimize swallowing) ask a dentist or physician inactive ingredients sodium bicarbonate (baking soda), peg-8, peg/ppg 116/66 copolymer, sodium carbonate peroxide, tetrasodium pyrophosphate, silica, sodium saccharin, flavor, water, sodium lauryl sulfate, sodium lauroyl sarcosinate. questions or comments? call 1-800-786-5135 mon.-fri. 9am-5pm et or visit www.myoralcare.com g, nj 08628 u.s.a. made in the usa with us and foreign materials. pcfc-18770-09 72019357 *in har areas to a lea toothp **data"								100g	100g																																		not-applicable	not-applicable		unknown	1	-5	-15	1	0							App - InFood, Apps
05330317	en		Toothpaste								Aquafresh	aquafresh		Non food products, Open Beauty Facts	en:non-food-products,en:open-beauty-facts			United States	en:united-states			0																	100g	100g																																		not-applicable	not-applicable		unknown	1	-5	-15	1	0							
7640118780789	en		Enzymatic Toothpaste						Aluminium-tube, Card-box	en:aluminium-tube,en:card-box	Virbac	virbac						United States	en:united-states			0																	100g	100g																																		unknown	unknown		unknown	1	-5	-15	1	0							
3411110636688	en		Dog Toothpaste						Card-box	en:card-box	Logic Oral Hygiene Gel	logic-oral-hygiene-gel						United Kingdom	en:united-kingdom			0																	100g	100g																																		unknown	unknown		unknown	1	-5	-15	1	0							App - Horizon, Apps
0077326470206	en		Toothpaste Box						Card-box	en:card-box	Toms	toms						United States	en:united-states			0																	100g	100g																																		unknown	unknown		unknown	1	-5	-15	1	0							
0065333008420	en		arm & hammer toothpaste															Canada	en:canada			0									"indications: arm & hammertm sensitive provides maximum relief from painful tooth & nerve sensitivity due to cold, heat, acids, sweets or contact. a decrease in sensitivity should occur within the first 2 weeks of regular brushing and improve with continued use. aids in the prevention of dental decay. directions: recommended for adults and children over 12. brush teeth thoroughly after meals or at least twice a day. consult your dentist about tooth sensitivity. adults and children over 12 years: cover toothbrush with the toothpaste. caution: do not swallow. keep out of reach of children. if more than used for brushing is accidentally swallowed, get medical help or contact a poison control centre right away. consult your dentist if symptoms persist or worsen. indications: arm & hammermc sensitive procure un soulagement maximal de la douleur dentaire et de la sensibilité nerveuse dues au froid, à la chaleur, aux acides, aux sucres ou au contact. son action se fait sentir dès les deux premières semaines de brossage régulier et s'intensifie avec un usage continu. il aide aussi à prévenir la carie. mode d'emploi : recommandé pour les adultes et les enfants de plus de 12 ans. se brosser soigneusement les dents après les repas ou au moins deux fois par jour. consulter un dentiste au sujet de la sensibilité des dents. adultes et enfants de plus de 12 ans : couvrir la brosse à dents de dentifrice. mise en garde: ne pas avaler. garder hors de la portée des enfants. en cas d'ingestion d'une quantité supérieure à celle d'un brossage, appeler un médecin ou un centre antipoison immédiatement. consulter un dentiste si les symptômes persistent au s'aggravent. medicinal ingredients/ingrédients medicinaux: fluoride 0.11% w/w (as sodium fluoride 0.243% w/w), potassium nitrate 5.0% w/w/fluorure 0,11 % p/p (sous forme de fluorure de sodium 0,23% p/p) nitrate de potassium 5,0 % p/p non-medicinal ingredients/ingrédients non-médicinaux: aqua, aroma, cellulose gum, glyceria lica del dium bicarbonate, sodium lauroyl sarcosinate, sodium lauryl sulfate, spaus saccharin, sorbitol, titanium dioxide, xanthan gum church & dwight canada corp. mississauga, on canada tm/mc church & dwight co., inc. 1-866-931-9741 m-f 9am-5p"								100g	100g																																	4	en:4-ultra-processed-food-and-drink-products	unknown		unknown	1	-5	-15	1	0							App - InFood, Apps
5060689240208	en		Toothpaste						Aluminium-tube, Card-box	en:aluminium-tube,en:card-box	Waken	waken						United States	en:united-states			0																	100g	100g																																		unknown	unknown		unknown	1	-5	-15	1	0							
0072239303665	en		dr brown toothpaste															United States	en:united-states			0									glycerin, aqua (water), xylitol, propanediol, sorbitol, pectin, xanthan gum, aroma (flavor), silica, sorbic acid, calcium lactatere								100g	100g																																	4	en:4-ultra-processed-food-and-drink-products	unknown		unknown	1	-5	-15	1	0							App - InFood, Apps
6291069701951	en		miswak herbal toothpaste				45				dabur indialimited	dabur-indialimited		Toothpaste	en:toothpaste			Algeria	en:algeria			0		India	en:india														100g	100g																																		unknown	unknown		unknown	1	-5	-15	1	0							App - smoothie-openfoodfacts, Apps
0030772061831	en		crest pro health toothpaste				130ml				crest	crest						Canada	en:canada			0																	100g	100g																																		unknown	unknown		unknown	1	-5	-15	1	0							
5000347002809	en		Whitening Toothpaste						Card-carton, Pet-tube	en:card-carton,en:pet-tube	Macleans	macleans						United Kingdom	en:united-kingdom			0																	100g	100g																						en:container				en:tube	en:pet-1-polyethylene-terephthalate							unknown	unknown		unknown		-5	-15	0	0							App - Horizon, Apps
8901148249530	en		vantej toothpaste				50g				Dr reddys	dr-reddys						India	en:india			0																	100g	100g																																		unknown	unknown		unknown	1	-5	-15	1	0							
9300633636784	en		Dental								All Smiles	all-smiles		Toothpaste	en:toothpaste			Australia	en:australia	Woolworths	woolworths	0									aqua, sorbitol, hydrated silica, glycerin, sodium lauroyl sarcosinate, peg-32, cellulose gum, titanium dioxide, menthol, aroma, sodium saccharin, mentha piperita oil, trisodium phosphate, sodium benzoate, aloe barbadensis leaf.								100g	100g																																	4	en:4-ultra-processed-food-and-drink-products	unknown		unknown	1	-5	-15	1	0							App - InFood, Apps
8904109451560	en		Dantkanti				100g				Patanjali	patanjali		Non food products, Open Beauty Facts, Toothpaste	en:non-food-products,en:open-beauty-facts,en:toothpaste			India	en:india			0																	100g	100g																																		not-applicable	not-applicable		unknown	1	-5	-15	1	0							App - Open Food Facts, Apps
5410091672058	fr				Denivit		50ml		Papier	en:paper	Denivit	denivit		Non alimentaire, Open Beauty Facts, en:toothpaste	en:non-food-products,en:open-beauty-facts,en:toothpaste	en:teste cliniquement	en:teste-cliniquement	Tunisie	en:tunisia			0		en:chlore, en:sodium, en:zinc	en:chlore,en:sodium,en:zinc													off	100g	100g																							en:paper											not-applicable	not-applicable		unknown		-5	-1	0	0							App - Open Food Facts, Apps
5000347034091	en		Promamel Toothpaste						Tube, Unknown	en:tube,en:unknown	Sensodyne	sensodyne						United Kingdom	en:united-kingdom			0																	100g	100g																						en:tube	en:unknown											unknown	unknown		unknown		-5	-10	1	0							App - Horizon, Apps
5060689240215	en		Spearmint Toothpaste						Aluminium-tube, Card-box	en:aluminium-tube,en:card-box	Waken	waken						United Kingdom	en:united-kingdom			0																	100g	100g																						en:tube	en:aluminium			en:box								unknown	unknown		unknown		-5	-13	0	0							App - Horizon, Apps
5060636880167	en		Toothpaste tablets						Compostable-bag, Paper-box	en:compostable-bag,en:paper-box	Ecoliving	ecoliving						United Kingdom	en:united-kingdom			0																	100g	100g																						en:bag				en:box	en:paper							unknown	unknown		unknown		-5	-11	0	0							App - Horizon, Apps
5057753796525	en		Pro Formula Charcoal Toothpaste						Tube, Card-box, Hdpe-lid, Other plastic-tube	en:tube,en:card-box,en:hdpe-lid,en:other-plastic-tube	Tesco	tesco						United Kingdom	en:united-kingdom	Tesco	tesco	0																	100g	100g																						en:tube	en:o-7-other-plastics			en:box		en:lid	en:hdpe-2-high-density-polyethylene					unknown	unknown		unknown		-5	-15	1	0							App - Horizon, Apps
9312812001009	en		Cinnamon Natural Toothpaste						Card-box, Hdpe-tube, Pp-cap	en:card-box,en:hdpe-tube,en:pp-cap	Grants of Australia	grants-of-australia						Australia	en:australia			0																	100g	100g																						en:tube	en:hdpe-2-high-density-polyethylene			en:box		en:bottle-cap	en:pp-5-polypropylene					unknown	unknown		unknown		-5	-15	0	0							App - Horizon, Apps
5270218288377	en		volcano toothpaste															United Kingdom	en:united-kingdom			0									sorbitol, aqua (water), hydrated silica, xylitol, aroma (flavor), charcoal powder, olea europaea (olive) fruit oil, glycerin, cellulose gum, sodium lauroyl sarcosinate, sodium citrate, sodium fluoride, potassium sorbate, sodium saccharin, lactic acid, sodium benzoate, limonene &quot;organically cultivated, **water , volcano water								100g	100g																																	4	en:4-ultra-processed-food-and-drink-products	unknown		unknown	1	-5	-15	1	0							App - InFood, Apps
4021457614462	en										Lavera	lavera		Non food products, Open Beauty Facts, Toothpaste	en:non-food-products,en:open-beauty-facts,en:toothpaste			Switzerland	en:switzerland			0																	100g	100g																																		not-applicable	not-applicable		unknown	1	-5	-15	1	0							
0056100079095	fr						100 ml				Crest	crest		Non alimentaire, Open Beauty Facts, en:toothpaste	en:non-food-products,en:open-beauty-facts,en:toothpaste			Canada	en:canada			0											fluorure 0,11 % p/p (Huorure de sodium 0,243 % p/p)					on	100g	100g																																		not-applicable	not-applicable		unknown	1	-5	-15	1	0							
0058000310483	en		Toothpaste Cavity Protection				60ml		Contain	en:contain	Colgate	colgate		Non food products, Open Beauty Facts, Toothpaste	en:non-food-products,en:open-beauty-facts,en:toothpaste			Canada	en:canada			0									AQUA, AROMA, CELLULOSE, GUM, DICALCIUM, PHOSPHATE, DIHYDRATE, GLYCERIN, SODIUM LAURYL SULFATE, SODIUM SACCHARIN, TETRASODIUM PYROPHOSPHATE.								100g	100g																																		not-applicable	not-applicable		unknown	1	-5	-15	1	0							
8934839122508	en		closeup				160g				coseup	coseup		Non food products, Open Beauty Facts, Toothpaste	en:non-food-products,en:open-beauty-facts,en:toothpaste			Ethiopia	en:ethiopia			0																	100g	100g																																		not-applicable	not-applicable		unknown	1	-5	-15	1	0							App - Open Food Facts, Apps
9319871000943	ms		whitening toothpaste				150g				white glo	white-glo						Malaysia	en:malaysia			0																	100g	100g																																		unknown	unknown		unknown	1	-5	-15	1	0							
0681131224000	en		equate antiplaque whitenimg toothpaste															United States	en:united-states			0									calcium carbonate, glycerin, water, xylitol, hydrated silica, sodium lauroyl sarcosinate, benton zinc citrate, carrageenan, sodium bicarbonate, mentha piperita (peppermint) oil, distrie *this pr distrib								100g	100g																																	4	en:4-ultra-processed-food-and-drink-products	unknown		unknown	1	-5	-15	1	0							App - InFood, Apps
0310158850007	en		Pronamel Gentle Whitening Toothpaste						Card-box	en:card-box	Sensodyne	sensodyne						United States	en:united-states			0																	100g	100g																						en:box												unknown	unknown		unknown		-5	-10	0	0							App - Horizon, Apps
8711231153176	en		Dog toothpaste						Hdpe-bottle	en:hdpe-bottle	Beaphar	beaphar						United Kingdom	en:united-kingdom			0																	100g	100g																						en:bottle	en:hdpe-2-high-density-polyethylene											unknown	unknown		unknown		-5	-5	0	0							App - Horizon, Apps
5000347054495	en		Toothpaste						Card-box	en:card-box	Sensodyne	sensodyne						United Kingdom	en:united-kingdom			0																	100g	100g																						en:box												unknown	unknown		unknown		-5	-10	0	0							App - Horizon, Apps
0858656007870	en		Xylitol Chewtab Toothpaste Tablets						Glass-jar	en:glass-jar	Xylitol	xylitol						United States	en:united-states			0																	100g	100g																						en:jar	en:glass											unknown	unknown		unknown		-5	-2	0	0							App - Horizon, Apps
0850000948020	en		Lunar Peppermint Stain Removal Whitening Toothpaste						Card-box	en:card-box								United States	en:united-states			0																	100g	100g																						en:box												unknown	unknown		unknown		-5	-10	0	0							App - Horizon, Apps
0071567999403	en		Jelly beans, stink bug, toasted marshmallow, dirty dishwater, birthday cake, rotten egg, buttered popcorn, toothpaste, berry blue, barf, peach, canned dog food, chocolate pudding, booger, juicy pear, spoiled milk, coconut, stinky socks, tutti-fruitti, dea					4 BAGS (32 g)					Jelly Belly Candy Company	Snacks, Sweet snacks, Confectioneries	en:snacks,en:sweet-snacks,en:confectioneries			United States	en:united-states			0									Sugar, tapioca syrup, modified food starch, contains 2% or less of the following: peach puree concentrate, banana puree, pear juice concentrate, coconut, dark chocolate (sugar, chocolate liquor, cocoa butter), cocoa powder, natural and artificial flavors, vinegar, citric acid, sodium citrate, sodium diacetate, color added, red 40 lake, yellow 5 & 6 lake, yellow 5 & 6, red 40, blue 1 & 2 lake, blue 1, vegetable and fruit juice (color), maltodextrin, beeswax, carnauba wax, confectioner's glaze, tapioca dextrin, salt.								100g	100g	344	kcal	0	g			90.62	g	65.62	g			0	g	117.5	mg	47	mg	344	kcal											en:sweets	en:sugary-snacks,en:sweets	4	en:4-ultra-processed-food-and-drink-products	d	14	unknown	1	-5	-15	1	0	2019-05-15T00:00:00Z	Candy	LI	707528	2019-05-15T00:00:00Z	2019-12-06T00:00:00Z	Databases, database-usda
5057545952139	ar		toothpaste				Tesco		Tesco	ar:tesco	cavities	cavities		en:Tesco	en:tesco	en:tube	en:tube	"المملكة المتحدة"	en:united-kingdom			0																true	100g	100g																																		unknown	unknown		unknown	1	-5	-15	1	0							
0861226000003	en		Davids Natural ToothPaste															United States	en:united-states			0									calcium carbonate (limestone abrasive), purified water, sodium bicarbonate (baking soda), vegetable glycerin, hydrated silica, xylitol (birch derived), sodium cocoyl glutamate (coconut derived), carrageenan (seaweed extract), mentha piperita (peppermint) oil, mentha viridis (spearmint) leaf oil, pimpinella anisum (anise) seed extract, gaultheria procumbens (wintergreen) leaf oil, stevia (leaf extract), davids natural toothpaste, inc,, temecula, california www,davids-usa,com made in usa nature america you								100g	100g																																	4	en:4-ultra-processed-food-and-drink-products	unknown		unknown	1	-5	-15	1	0							App - InFood, Apps
6970692620197	en		Aloe Vera crogeita											Non food products, Open Beauty Facts, Toothpaste	en:non-food-products,en:open-beauty-facts,en:toothpaste			France	en:france			0																	100g	100g																																		not-applicable	not-applicable		unknown	1	-5	-15	1	0							App - off, Apps, App - Open Food Facts
